Title	DOI	Publication.Date	PubYear	Source.title	Publisher	ISSN	e.ISSN	Publication.Type	Country.of.Research.organization	FOR..ANZSRC..Categories	for_division	for_group	discipline	Open.Access	Open.Access2	Funder	ukri_funders	Units.of.Assessment	has_ta	sherpa_id	listed_in_doaj	open_access_prohibited	g_article_version	g_license	g_license1	g_license2	g_license3	g_embargo.units	g_embargo	g_embargo2	g_embargo3	g_compliant_repository	g_copyright	rank_green	fee_article_version	fee_license1	fee_license2	fee_license3	fee_copyright	rank_fee	journal_type	articles_in_journal	num_fee	num_current_green	num_new_green	compliance_current	compliance_current2	compliance_new_hybrid	compliance_new_hybrid2	compliance_new	compliance_new2	compliance_new_pure
Spin Dependence of η Meson Production in Proton-Proton Collisions Close to Threshold	10.1103/physrevlett.120.022002	2018-01-08	2018	physical review letters	American Physical Society (APS)	0031-9007	1079-7114	Article	Germany; Sweden; Germany; Russia; India; India; Poland; Poland; Germany; Russia; Russia; India; Poland; Japan; United Kingdom; Germany; Germany; Germany; Poland; Russia; Russia; Germany	02 Physical Sciences; 0299 Other Physical Sciences	02 Physical Sciences	0299 Other Physical Sciences	Physical Sciences	Green, Published	Green	National Science Center; Science and Technology Facilities Council; Swedish Research Council; Jülich Research Centre	STFC	B09 Physics	no	13640	no	no	submitted, accepted, published	no license requirement	no license requirement	no compliant license	not cc_by	No embargo requirement	0	0	zero embargo	TRUE	authors	833	published	cc_by	cc_by	cc_by	authors	1	Hybrid	1091	2	29	7	c: hybrid gold	compliant	c: hybrid gold	compliant	nc: unconfirmed green oa	not compliant	nc: unconfirmed green oa
Multi-electric field modulation for photocatalytic oxygen evolution: Enhanced charge separation by coupling oxygen vacancies with faceted heterostructures	10.1016/j.nanoen.2018.07.018	2018-09	2018	nano energy	Elsevier	2211-2855	2211-3282	Article	United Kingdom; China; China; China; China; China	03 Chemical Sciences; 0306 Physical Chemistry (incl. Structural)	03 Chemical Sciences	0306 Physical Chemistry (incl. Structural)	Physical Sciences	Green, Submitted	Closed	Engineering and Physical Sciences Research Council; National Natural Science Foundation of China; Royal Society; Ministry of Science and Technology of the People's Republic of China	EPSRC	B12 Engineering	no	20490	no	no	accepted	cc_by_nc_nd	cc_by_nc_nd	no compliant license	not cc_by	No embargo requirement	0	0	zero embargo	FALSE	authors	710	published	cc_by	cc_by	cc_by	authors	1	Hybrid	53	2	29	7	c: hybrid gold	compliant	c: hybrid gold	compliant	not compliant	not compliant	not compliant
Elevated CO2 and high salinity enhance the abundance of sulfate reducers in a salt marsh ecosystem	10.1016/j.apsoil.2019.103386	2020-03	2020	applied soil ecology	Elsevier	0929-1393	1873-0272	Article	United Kingdom; South Korea; United Kingdom; South Korea	06 Biological Sciences; 0602 Ecology	06 Biological Sciences	0602 Ecology	Life Sciences	Green, Accepted	Green	Natural Environment Research Council; Royal Society; National Research Foundation of Korea	NERC	B07 Earth Systems and Environmental Sciences	no	12445	no	no	accepted	cc_by_nc_nd	cc_by_nc_nd	no compliant license	not cc_by	No embargo requirement	0	0	zero embargo	FALSE	authors	710	published	cc_by	cc_by	cc_by	authors	1	Hybrid	19	2	29	7	c: hybrid gold	compliant	c: hybrid gold	compliant	not compliant	not compliant	not compliant
Fungal control of early-stage bacterial community development in decomposing wood	10.1016/j.funeco.2019.100868	2019-12	2019	fungal ecology	Elsevier	1754-5048	1878-0083	Article	United Kingdom	06 Biological Sciences; 0605 Microbiology	06 Biological Sciences	0605 Microbiology	Life Sciences	Hybrid	Hybrid gold	Natural Environment Research Council	NERC	B07 Earth Systems and Environmental Sciences	no	15563	no	no	accepted	cc_by_nc_nd	cc_by_nc_nd	no compliant license	not cc_by	No embargo requirement	0	0	zero embargo	FALSE	authors	710	published	cc_by	cc_by	cc_by	authors	1	Hybrid	14	2	29	7	c: hybrid gold	compliant	c: hybrid gold	compliant	not compliant	not compliant	not compliant
Functional Capsules via Subcomponent Self-Assembly.	10.1021/acs.accounts.8b00303	2018-09-12	2018	accounts of chemical research	American Chemical Society (ACS)	0001-4842	1520-4898	Article	United Kingdom	03 Chemical Sciences; 0303 Macromolecular and Materials Chemistry; 0302 Inorganic Chemistry; 0306 Physical Chemistry (incl. Structural); 0305 Organic Chemistry	03 Chemical Sciences	0303 Macromolecular and Materials Chemistry; 0302 Inorganic Chemistry; 0306 Physical Chemistry (incl. Structural); 0305 Organic Chemistry	Physical Sciences	Green, Submitted	Closed	European Research Council; Engineering and Physical Sciences Research Council	EPSRC	B08 Chemistry	no	7760	no	no	accepted	no license requirement	no license requirement	no compliant license	not cc_by	months	12	12	has embargo	TRUE	authors	1138	published	cc_by	cc_by	cc_by	publishers	2	Hybrid	39	2	31	8	c: hybrid gold	compliant	c: hybrid gold	compliant	not compliant	not compliant	not compliant
Real-time detection of hepatitis B surface antigen using a hybrid graphene-gold nanoparticle biosensor	10.1088/2053-1583/ab734c	2020-03-05	2020	2d materials	IOP Publishing	NA	2053-1583	Article	United Kingdom; China; United Kingdom	10 Technology; 1007 Nanotechnology	10 Technology	1007 Nanotechnology	Physical Sciences	Hybrid	Hybrid gold	Ministry of Science and Technology of the People's Republic of China; European Commission; Innovate UK; Engineering and Physical Sciences Research Council	EPSRC, Innovate UK	B12 Engineering	yes	26192	no	no	accepted	no license requirement	no license requirement	no compliant license	not cc_by	No embargo requirement	0	0	zero embargo	FALSE	authors	838	published	cc_by	cc_by	cc_by	authors	1	Hybrid	72	2	29	7	c: hybrid gold	compliant	c: hybrid gold	compliant	c: hybrid gold with a TA	compliant	not compliant
Analysis of stacking disorder in ice I using pair distribution functions	10.1107/s1600576718009056	2018-07-26	2018	journal of applied crystallography	International Union of Crystallography (IUCr)	0021-8898	1600-5767	Article	United Kingdom; United Kingdom; United States; United Kingdom	02 Physical Sciences; 09 Engineering; 01 Mathematical Sciences;	02 Physical Sciences; 09 Engineering; 01 Mathematical Sciences	No FOR group recorded	Physical Sciences	Green, Published	Green	Natural Environment Research Council; European Research Council; Royal Society	NERC	B08 Chemistry	no	41	no	no	submitted, accepted	no license requirement	no license requirement	no compliant license	not cc_by	No embargo requirement	0	0	zero embargo	TRUE	authors	834	published	cc_by	cc_by	cc_by	authors	1	Hybrid	30	2	29	7	c: hybrid gold	compliant	c: hybrid gold	compliant	nc: unconfirmed green oa	not compliant	nc: unconfirmed green oa
Processes and barriers to implementation of point-of-care genotype-guided dosing of warfarin into UK outpatient anticoagulation clinics	10.2217/pgs-2019-0021	2019-05-03	2019	pharmacogenomics	Future Science Group	1462-2416	1744-8042	Article	United Kingdom; United Kingdom	11 Medical and Health Sciences;	11 Medical and Health Sciences	No FOR group recorded	Health Sciences	Hybrid	Hybrid gold	Department of Health and Social Care; National Institute for Health Research; Medical Research Council	MRC	NA	yes	12307	no	no	published	no license requirement	no license requirement	no compliant license	not cc_by	No embargo requirement	0	0	zero embargo	TRUE	authors	833	published	cc_by	cc_by	cc_by	authors	1	Hybrid	13	2	29	7	c: hybrid gold	compliant	c: hybrid gold	compliant	c: hybrid gold with a TA	compliant	nc: unconfirmed green oa
Myocyte Specific Upregulation of ACE2 in Cardiovascular Disease: Implications for SARS-CoV-2 Mediated Myocarditis	10.1161/circulationaha.120.047911	2020-06-22	2020	circulation	Wolters Kluwer	0009-7322	1524-4539	Article	United States; United States	11 Medical and Health Sciences; 1102 Cardiorespiratory Medicine and Haematology; 1103 Clinical Sciences; 1117 Public Health and Health Services	11 Medical and Health Sciences	1102 Cardiorespiratory Medicine and Haematology; 1103 Clinical Sciences; 1117 Public Health and Health Services	Health Sciences	Bronze	Closed	National Heart Lung and Blood Institute; Medical Research Council	MRC	NA	no	8733	no	no	accepted	no license requirement	no license requirement	no compliant license	not cc_by	months	6	6	has embargo	TRUE	authors	1130	published	cc_by	cc_by	cc_by	authors	1	Hybrid	95	2	30	8	c: hybrid gold	compliant	c: hybrid gold	compliant	not compliant	not compliant	not compliant
Yoga and Cardiovascular Health Trial (YACHT): a UK-based randomised mechanistic study of a yoga intervention plus usual care versus usual care alone following an acute coronary event	10.1136/bmjopen-2019-030119	2019-11-03	2019	bmj open	BMJ	NA	2044-6055	Article	United Kingdom; United Kingdom; United Kingdom; United Kingdom; United Kingdom; United Kingdom	11 Medical and Health Sciences; 1117 Public Health and Health Services	11 Medical and Health Sciences	1117 Public Health and Health Services	Health Sciences	Pure Gold	Pure Gold	National Institute for Health Research; Medical Research Council	MRC	A02 Public Health, Health Services and Primary Care	yes	17945	yes	no	submitted, accepted, published	cc_by	cc_by	cc_by	cc_by	No embargo requirement	0	0	zero embargo	TRUE	authors	1	NA	NA	NA	NA	NA	NA	Pure Gold	888	4	5	1	c: pure gold	compliant	c: pure gold	compliant	c: pure gold	compliant	c: pure gold
Observation of surf zone wave transformation using LiDAR	10.1016/j.apor.2018.05.015	2018-09	2018	applied ocean research	Elsevier	0141-1187	1879-1549	Article	Australia; United Kingdom; Australia	09 Engineering; 0909 Geomatic Engineering	09 Engineering	0909 Geomatic Engineering	Physical Sciences	Closed	Closed	Department of Education, Skills and Employment; Queensland Government; Engineering and Physical Sciences Research Council	EPSRC	B12 Engineering	no	12442	no	no	accepted	cc_by_nc_nd	cc_by_nc_nd	no compliant license	not cc_by	No embargo requirement	0	0	zero embargo	FALSE	authors	710	published	cc_by	cc_by	cc_by	authors	1	Hybrid	21	2	29	7	c: hybrid gold	compliant	c: hybrid gold	compliant	not compliant	not compliant	not compliant
Genomic imprinting, growth and maternal–fetal interactions	10.1242/jeb.164517	2018-03-07	2018	journal of experimental biology	The Company of Biologists	0022-0949	1477-9145	Article	United Kingdom	11 Medical and Health Sciences; 06 Biological Sciences; 1114 Paediatrics and Reproductive Medicine; 0604 Genetics	11 Medical and Health Sciences; 06 Biological Sciences	1114 Paediatrics and Reproductive Medicine; 0604 Genetics	Health Sciences; Life Sciences	Bronze	Closed	Medical Research Council	MRC	A01 Clinical Medicine	yes	14671	no	no	submitted, accepted, published	no license requirement	no license requirement	no compliant license	not cc_by	No embargo requirement	0	0	zero embargo	FALSE	authors	837	published	cc_by	cc_by	cc_by	authors	1	Hybrid	88	2	29	7	c: hybrid gold	compliant	c: hybrid gold	compliant	c: hybrid gold with a TA	compliant	not compliant
Historical Tropospheric and Stratospheric Ozone Radiative Forcing Using the CMIP6 Database	10.1002/2017gl076770	2018-04-06	2018	geophysical research letters	American Geophysical Union (AGU)	0094-8276	1944-8007	Article	United States; Canada; United Kingdom	03 Chemical Sciences; 0399 Other Chemical Sciences	03 Chemical Sciences	0399 Other Chemical Sciences	Physical Sciences	Bronze	Closed	Canadian Space Agency; Natural Environment Research Council; Canadian Climate Forum	NERC	B07 Earth Systems and Environmental Sciences	no	27333	no	no	submitted, accepted	no license requirement	no license requirement	no compliant license	not cc_by	No embargo requirement	0	0	zero embargo	FALSE	authors	838	published	cc_by	cc_by	cc_by	authors	1	Hybrid	528	2	29	7	c: hybrid gold	compliant	c: hybrid gold	compliant	not compliant	not compliant	not compliant
Gold nanodisc arrays as near infrared metal-enhanced fluorescence platforms with tuneable enhancement factors	10.1039/c6tc04965f	2017	2017	journal of materials chemistry c	Royal Society of Chemistry (RSC)	2050-7526	2050-7534	Article	Malaysia; United Kingdom	03 Chemical Sciences; 0306 Physical Chemistry (incl. Structural)	03 Chemical Sciences	0306 Physical Chemistry (incl. Structural)	Physical Sciences	Closed	Closed	British Council; Engineering and Physical Sciences Research Council	EPSRC	B12 Engineering	yes	25610	no	no	accepted	no license requirement	no license requirement	no compliant license	not cc_by	months	12	12	has embargo	TRUE	authors	1138	accepted, published	cc_by	cc_by	cc_by	authors	1	Hybrid	189	2	31	8	c: hybrid gold	compliant	c: hybrid gold	compliant	c: hybrid gold with a TA	compliant	not compliant
Outcomes of patients lost to follow‐up after antiretroviral therapy initiation in rural north‐eastern South Africa	10.1111/tmi.13236	2019-04-09	2019	tropical medicine and international health	Wiley	1365-3156	NA	Article	United Kingdom; South Africa	11 Medical and Health Sciences; 1117 Public Health and Health Services	11 Medical and Health Sciences	1117 Public Health and Health Services	Health Sciences	Hybrid	Hybrid gold	Bill & Melinda Gates Foundation; Medical Research Council	MRC	A02 Public Health, Health Services and Primary Care	yes	7180	no	no	accepted	no license requirement	no license requirement	no compliant license	not cc_by	months	12	12	has embargo	TRUE	authors	1138	published	cc_by	cc_by	cc_by	authors	1	Hybrid	31	2	31	8	c: hybrid gold	compliant	c: hybrid gold	compliant	c: hybrid gold with a TA	compliant	not compliant
Field testing a novel high residence positioning system for monitoring the fine‐scale movements of aquatic organisms	10.1111/2041-210x.12993	2018-03-24	2018	methods in ecology and evolution	Wiley	NA	2041-210X	Article	Bahamas; Canada; United Kingdom; Canada	06 Biological Sciences; 05 Environmental Sciences; 0502 Environmental Science and Management; 0602 Ecology; 0603 Evolutionary Biology	06 Biological Sciences; 05 Environmental Sciences	0502 Environmental Science and Management; 0602 Ecology; 0603 Evolutionary Biology	Physical Sciences; Life Sciences	Hybrid	Hybrid gold	Natural Environment Research Council; Natural Sciences and Engineering Research Council; European Research Council	NERC	A05 Biological Sciences	yes	16031	no	no	accepted	no license requirement	no license requirement	no compliant license	not cc_by	months	12	12	has embargo	TRUE	authors	1138	published	cc_by	cc_by	cc_by	authors	1	Hybrid	83	2	31	8	c: hybrid gold	compliant	c: hybrid gold	compliant	c: hybrid gold with a TA	compliant	not compliant
Liminality revisited: Mapping the emotional adaptations of women in carceral space	10.1177/1462474520959623	2020-09-17	2020	punishment & society	SAGE Publications	1462-4745	1741-3095	Article	United Kingdom; United Kingdom	18 Law and Legal Studies; 16 Studies in Human Society; 1602 Criminology; 1801 Law	18 Law and Legal Studies; 16 Studies in Human Society	1602 Criminology; 1801 Law	Social Sciences	Hybrid	Hybrid gold	Economic and Social Research Council	ESRC	C20 Social Work and Social Policy	yes	9438	no	no	accepted	no license requirement	no license requirement	no compliant license	not cc_by	No embargo requirement	0	0	zero embargo	TRUE	authors	834	published	cc_by	cc_by	cc_by	authors	1	Hybrid	6	2	25	7	c: hybrid gold	compliant	c: hybrid gold	compliant	c: hybrid gold with a TA	compliant	nc: unconfirmed green oa
VADA: an architecture for end user informed data preparation	10.1186/s40537-019-0237-9	2019-08-21	2019	journal of big data	Springer	NA	2196-1115	Article	United Kingdom; Italy; United Kingdom; United Kingdom	08 Information and Computing Sciences; 0806 Information Systems	08 Information and Computing Sciences	0806 Information Systems	Physical Sciences	Pure Gold	Pure Gold	Engineering and Physical Sciences Research Council	EPSRC	B11 Computer Science and Informatics	yes	30870	yes	no	accepted, published	cc_by	cc_by	cc_by	cc_by	No embargo requirement	0	0	zero embargo	TRUE	authors	1	NA	NA	NA	NA	NA	NA	Pure Gold	3	4	5	1	c: pure gold	compliant	c: pure gold	compliant	c: pure gold	compliant	c: pure gold
Evidence for substrate assisted catalysis in N-acetylphosphoglucosamine mutase	10.1042/bcj20180172	2018-08-16	2018	biochemical journal	Portland Press	0264-6021	1470-8728	Article	United Kingdom	06 Biological Sciences; 0601 Biochemistry and Cell Biology	06 Biological Sciences	0601 Biochemistry and Cell Biology	Life Sciences	Hybrid	Hybrid gold	Medical Research Council	MRC	B08 Chemistry	yes	15028	no	no	accepted	no license requirement	no license requirement	no compliant license	not cc_by	months	12	12	has embargo	TRUE	authors	1138	published	cc_by	cc_by	cc_by	authors	1	Hybrid	117	2	31	8	c: hybrid gold	compliant	c: hybrid gold	compliant	c: hybrid gold with a TA	compliant	not compliant
Machine-learning dessins d’enfants: explorations via modular and Seiberg–Witten curves	10.1088/1751-8121/abbc4f	2020-09-28	2020	journal of physics a: mathematical and theoretical	IOP Publishing	1751-8113	1361-6447	Article	United Kingdom; China	01 Mathematical Sciences; 02 Physical Sciences;	01 Mathematical Sciences; 02 Physical Sciences	No FOR group recorded	Physical Sciences	Green, Submitted	Closed	Science and Technology Facilities Council	STFC	B10 Mathematical Sciences	yes	11323	no	no	accepted	no license requirement	no license requirement	no compliant license	not cc_by	No embargo requirement	0	0	zero embargo	FALSE	authors	838	published	cc_by	cc_by	cc_by	authors	1	Hybrid	144	2	29	7	c: hybrid gold	compliant	c: hybrid gold	compliant	c: hybrid gold with a TA	compliant	not compliant
Cluster capture‐recapture to account for identification uncertainty on aerial surveys of animal populations	10.1111/biom.12983	2019-03	2019	biometrics	Wiley	0006-341X	1541-0420	Article	New Zealand; United Kingdom	01 Mathematical Sciences; 0104 Statistics	01 Mathematical Sciences	0104 Statistics	Physical Sciences	Green, Accepted	Green	Engineering and Physical Sciences Research Council; Natural Environment Research Council; Royal Society of New Zealand	EPSRC, NERC	B10 Mathematical Sciences	yes	3621	no	no	accepted	no license requirement	no license requirement	no compliant license	not cc_by	No embargo requirement	0	0	zero embargo	TRUE	authors	834	published	cc_by	cc_by	cc_by	authors	1	Hybrid	29	2	29	7	c: hybrid gold	compliant	c: hybrid gold	compliant	c: hybrid gold with a TA	compliant	nc: unconfirmed green oa
Khovanov Homotopy Calculations using Flow Category Calculus	10.1080/10586458.2018.1482805	2019-04-09	2019	experimental mathematics	Taylor & Francis	1058-6458	1944-950X	Article	United Kingdom; United States	01 Mathematical Sciences; 0101 Pure Mathematics	01 Mathematical Sciences	0101 Pure Mathematics	Physical Sciences	Green, Accepted	Green	Engineering and Physical Sciences Research Council	EPSRC	B10 Mathematical Sciences	yes	4127	no	no	accepted	no license requirement	no license requirement	no compliant license	not cc_by	No embargo requirement	0	0	zero embargo	FALSE	authors	838	published	cc_by	cc_by	cc_by	authors	1	Hybrid	5	2	29	7	c: hybrid gold	compliant	c: hybrid gold	compliant	c: hybrid gold with a TA	compliant	not compliant
Ultrafast photodissociation dynamics of pyrazole, imidazole and their deuterated derivatives using ab initio multiple cloning	10.1039/c9cp00039a	2019-05-15	2019	physical chemistry chemical physics	Royal Society of Chemistry (RSC)	0956-5000	1364-5455	Article	United Kingdom; United Kingdom	03 Chemical Sciences; 0306 Physical Chemistry (incl. Structural)	03 Chemical Sciences	0306 Physical Chemistry (incl. Structural)	Physical Sciences	Green, Published	Green	Leverhulme Trust; Royal Society; Engineering and Physical Sciences Research Council	EPSRC	B08 Chemistry	yes	18044	no	no	accepted	no license requirement	no license requirement	no compliant license	not cc_by	months	12	12	has embargo	TRUE	authors	1138	accepted, published	cc_by	cc_by	cc_by	authors	1	Hybrid	513	2	31	8	c: hybrid gold	compliant	c: hybrid gold	compliant	c: hybrid gold with a TA	compliant	not compliant
Exploring fuel cell cathode materials using ab initio high throughput calculations and validation using carbon supported Pt alloy catalysts	10.1039/d0cp00301h	2020-03-14	2020	physical chemistry chemical physics	Royal Society of Chemistry (RSC)	0956-5000	1364-5455	Article	United Kingdom	03 Chemical Sciences; 09 Engineering; 0306 Physical Chemistry (incl. Structural); 0912 Materials Engineering	03 Chemical Sciences; 09 Engineering	0306 Physical Chemistry (incl. Structural); 0912 Materials Engineering	Physical Sciences	Closed	Closed	Innovate UK; Department for Business, Energy and Industrial Strategy	Innovate UK	B12 Engineering	yes	18044	no	no	accepted	no license requirement	no license requirement	no compliant license	not cc_by	months	12	12	has embargo	TRUE	authors	1138	accepted, published	cc_by	cc_by	cc_by	authors	1	Hybrid	513	2	31	8	c: hybrid gold	compliant	c: hybrid gold	compliant	c: hybrid gold with a TA	compliant	not compliant
Unloading of elastoplastic spheres from large deformations	10.1016/j.powtec.2020.06.094	2020-09	2020	powder technology	Elsevier	0032-5910	1873-328X	Article	United Kingdom	09 Engineering; 0914 Resources Engineering and Extractive Metallurgy	09 Engineering	0914 Resources Engineering and Extractive Metallurgy	Physical Sciences	Closed	Closed	Engineering and Physical Sciences Research Council	EPSRC	B12 Engineering	no	16963	no	no	accepted	cc_by_nc_nd	cc_by_nc_nd	no compliant license	not cc_by	No embargo requirement	0	0	zero embargo	FALSE	authors	710	published	cc_by	cc_by	cc_by	authors	1	Hybrid	57	2	29	7	c: hybrid gold	compliant	c: hybrid gold	compliant	not compliant	not compliant	not compliant
Towards cultural materialism in the medical humanities: the case of blood rejuvenation	10.1136/medhum-2017-011209	2017-05-11	2017	medical humanities	BMJ	1468-215X	1473-4265	Article	NA	22 Philosophy and Religious Studies; 11 Medical and Health Sciences; 1199 Other Medical and Health Sciences; 2201 Applied Ethics; 2202 History and Philosophy of Specific Fields	22 Philosophy and Religious Studies; 11 Medical and Health Sciences	1199 Other Medical and Health Sciences; 2201 Applied Ethics; 2202 History and Philosophy of Specific Fields	Health Sciences; Arts & Humanities	Hybrid	Hybrid gold	Wellcome Trust; Arts and Humanities Research Council	AHRC	D27 English Language and Literature	yes	1942	no	no	accepted	cc_by_nc	cc_by_nc	cc_by_nc	not cc_by	No embargo requirement	0	0	zero embargo	TRUE	authors	642	published	cc_by	cc_by	cc_by	authors	1	Hybrid	17	2	17	5	c: hybrid gold	compliant	c: hybrid gold	compliant	c: hybrid gold with a TA	compliant	not compliant
The Spring Queen pageant and the postapartheid archive	10.1080/17533171.2016.1272239	2017-03-06	2017	safundi	Taylor & Francis	1543-1304	1753-3171	Article	South Africa	21 History and Archaeology; 2103 Historical Studies	21 History and Archaeology	2103 Historical Studies	Arts & Humanities	Green, Submitted	Closed	Arts and Humanities Research Council	AHRC	D27 English Language and Literature	yes	NA	NA	NA	NA	NA	NA	NA	NA	NA	NA	NA	NA	NA	NA	NA	NA	NA	NA	NA	NA	NA	Closed or insufficient information	8	6	99	99	not compliant	not compliant	not compliant	not compliant	not compliant	not compliant	not compliant
GAMBIT and its application in the search for physics Beyond the Standard Model	10.1016/j.ppnp.2020.103769	2020-07	2020	progress in particle and nuclear physics	Elsevier	0146-6410	1873-2224	Article	Norway; Australia; Australia; United Kingdom	02 Physical Sciences; 0202 Atomic, Molecular, Nuclear, Particle and Plasma Physics	02 Physical Sciences	0202 Atomic, Molecular, Nuclear, Particle and Plasma Physics	Physical Sciences	Green, Accepted	Green	The Research Council of Norway; Australian Research Council; Royal Society; European Commission; Science and Technology Facilities Council	STFC	B09 Physics	no	4685	no	no	accepted	cc_by_nc_nd	cc_by_nc_nd	no compliant license	not cc_by	No embargo requirement	0	0	zero embargo	FALSE	authors	710	published	cc_by	cc_by	cc_by	authors	1	Hybrid	8	2	29	7	c: hybrid gold	compliant	c: hybrid gold	compliant	not compliant	not compliant	not compliant
Photoquantum Hall Effect and Light‐Induced Charge Transfer at the Interface of Graphene/InSe Heterostructures	10.1002/adfm.201805491	2018-11-27	2018	advanced functional materials	Wiley	1616-301X	1616-3028	Article	United Kingdom; Russia; France; Japan; United Kingdom; China	09 Engineering; 02 Physical Sciences; 0204 Condensed Matter Physics; 0912 Materials Engineering	09 Engineering; 02 Physical Sciences	0204 Condensed Matter Physics; 0912 Materials Engineering	Physical Sciences	Green, Accepted	Green	European Commission; Chinese Academy of Sciences; Russian Science Foundation; European Research Council; Leverhulme Trust; Japan Society for the Promotion of Science; Engineering and Physical Sciences Research Council; Royal Society	EPSRC	B09 Physics; B12 Engineering	yes	228	no	no	accepted	no license requirement	no license requirement	no compliant license	not cc_by	months	12	12	has embargo	TRUE	authors	1138	published	cc_by	cc_by	cc_by	authors	1	Hybrid	186	2	31	8	c: hybrid gold	compliant	c: hybrid gold	compliant	c: hybrid gold with a TA	compliant	not compliant
Methods to assess binocular rivalry with periodic stimuli	10.1186/s13408-020-00087-8	2020-06-15	2020	the journal of mathematical neuroscience	Springer	NA	2190-8567	Article	United Kingdom	01 Mathematical Sciences; 0102 Applied Mathematics	01 Mathematical Sciences	0102 Applied Mathematics	Physical Sciences	Pure Gold	Pure Gold	Engineering and Physical Sciences Research Council	EPSRC	B10 Mathematical Sciences	yes	19671	yes	no	accepted, published	cc_by	cc_by	cc_by	cc_by	No embargo requirement	0	0	zero embargo	TRUE	authors	1	NA	NA	NA	NA	NA	NA	Pure Gold	8	4	5	1	c: pure gold	compliant	c: pure gold	compliant	c: pure gold	compliant	c: pure gold
Indoor environmental quality and occupant satisfaction in green-certified buildings	10.1080/09613218.2018.1383715	2017-11-01	2017	building research & information	Taylor & Francis	0182-3329	0961-3218	Article	United States; United Kingdom	12 Built Environment and Design; 1202 Building	12 Built Environment and Design	1202 Building	Physical Sciences	Hybrid	Hybrid gold	Engineering and Physical Sciences Research Council	EPSRC	C13 Architecture, Built Environment and Planning	yes	NA	NA	NA	NA	NA	NA	NA	NA	NA	NA	NA	NA	NA	NA	NA	NA	NA	NA	NA	NA	NA	Hybrid	37	5	99	99	c: hybrid gold	compliant	c: hybrid gold	compliant	c: hybrid gold with a TA	compliant	not compliant
Spin dynamics and exchange interactions in CuO measured by neutron scattering	10.1103/physrevb.97.144401	2018-04-01	2018	physical review b	American Physical Society (APS)	2469-9950	1095-3795	Article	United Kingdom; Switzerland; United Kingdom; France	02 Physical Sciences; 0299 Other Physical Sciences	02 Physical Sciences	0299 Other Physical Sciences	Physical Sciences	Green, Published	Green	Science and Technology Facilities Council; Engineering and Physical Sciences Research Council	EPSRC, STFC	B09 Physics	no	31060	no	no	submitted, accepted, published	no license requirement	no license requirement	no compliant license	not cc_by	No embargo requirement	0	0	zero embargo	TRUE	authors	833	published	cc_by	cc_by	cc_by	authors	1	Hybrid	963	2	29	7	c: hybrid gold	compliant	c: hybrid gold	compliant	nc: unconfirmed green oa	not compliant	nc: unconfirmed green oa
An epigenome-wide association study of total serum IgE in Hispanic children	10.1016/j.jaci.2016.11.030	2017-01-06	2017	journal of allergy and clinical immunology	Elsevier	0091-6749	1097-6825	Article	United States; United Kingdom; Canada; United Kingdom; United States; United States; Spain; United States	11 Medical and Health Sciences; 1107 Immunology	11 Medical and Health Sciences	1107 Immunology	Health Sciences	Bronze	Closed	National Institute of Environmental Health Sciences; National Institute of General Medical Sciences; National Heart Lung and Blood Institute; National Institute on Minority Health and Health Disparities; Wellcome Trust; Medical Research Council	MRC	A01 Clinical Medicine	no	3193	no	no	accepted	cc_by_nc_nd	cc_by_nc_nd	no compliant license	not cc_by	No embargo requirement	0	0	zero embargo	FALSE	authors	710	published	cc_by	cc_by	cc_by	authors	1	Hybrid	166	2	29	7	c: hybrid gold	compliant	c: hybrid gold	compliant	not compliant	not compliant	not compliant
Hypertension, Antihypertensive Use and the Delayed‐Onset of Huntington's Disease	10.1002/mds.27976	2020-02-04	2020	movement disorders	Wiley	0885-3185	1531-8257	Article	United Kingdom; United Kingdom	11 Medical and Health Sciences; 1109 Neurosciences	11 Medical and Health Sciences	1109 Neurosciences	Health Sciences	Hybrid	Hybrid gold	Wellcome Trust; Medical Research Council	MRC	A04 Psychology, Psychiatry and Neuroscience	yes	6930	no	no	NA	NA	NA	NA	NA	NA	NA	NA	NA	NA	NA	NA	published	cc_by	cc_by	cc_by	authors	1	Hybrid	90	2	99	99	c: hybrid gold	compliant	c: hybrid gold	compliant	c: hybrid gold with a TA	compliant	not compliant
A Single Paradigm for Implicit and Statistical Learning	10.1111/tops.12439	2019-07-23	2019	topics in cognitive science	Wiley	1756-8757	1756-8765	Article	United Kingdom; Germany; Netherlands	17 Psychology and Cognitive Sciences; 1701 Psychology	17 Psychology and Cognitive Sciences	1701 Psychology	Social Sciences	Hybrid	Hybrid gold	Economic and Social Research Council	ESRC	A04 Psychology, Psychiatry and Neuroscience	yes	6982	no	no	accepted	no license requirement	no license requirement	no compliant license	not cc_by	No embargo requirement	0	0	zero embargo	TRUE	authors	834	published	cc_by	cc_by	cc_by	authors	1	Hybrid	16	2	25	7	c: hybrid gold	compliant	c: hybrid gold	compliant	c: hybrid gold with a TA	compliant	nc: unconfirmed green oa
Substitution of Cytosine with Guanylurea Decreases the Stability of i-Motif DNA.	10.1021/acs.biochem.7b00628	2017-08-30	2017	biochemistry	American Chemical Society (ACS)	0006-2960	1520-4995	Article	United States; United Kingdom	06 Biological Sciences; 0604 Genetics	06 Biological Sciences	0604 Genetics	Life Sciences	Hybrid	Hybrid gold	Biotechnology and Biological Sciences Research Council	BBSRC	A01 Clinical Medicine	no	7766	no	no	accepted	no license requirement	no license requirement	no compliant license	not cc_by	months	12	12	has embargo	TRUE	authors	1138	published	cc_by	cc_by	cc_by	publishers	2	Hybrid	96	2	31	8	c: hybrid gold	compliant	c: hybrid gold	compliant	not compliant	not compliant	not compliant
Chlamydia exploits filopodial capture and a macropinocytosis-like pathway for host cell entry	10.1371/journal.ppat.1007051	2018-05-04	2018	plos pathogens	Public Library of Science (PLoS)	1553-7366	1553-7374	Article	United Kingdom	06 Biological Sciences; 0601 Biochemistry and Cell Biology	06 Biological Sciences	0601 Biochemistry and Cell Biology	Life Sciences	Pure Gold	Pure Gold	Medical Research Council; Biotechnology and Biological Sciences Research Council	BBSRC, MRC	A05 Biological Sciences	no	17600	yes	no	published	cc_by	cc_by	cc_by	cc_by	No embargo requirement	0	0	zero embargo	TRUE	authors	1	published	cc_by	cc_by	cc_by	authors	1	Pure Gold	240	1	5	1	c: pure gold	compliant	c: pure gold	compliant	c: pure gold	compliant	c: pure gold
Total FLC transcript dynamics from divergent paralogue expression explains flowering diversity in Brassica napus	10.1111/nph.17131	2020-12-25	2020	new phytologist	Wiley	0028-646X	1469-8137	Article	Belgium; United Kingdom; United Kingdom	06 Biological Sciences; 0604 Genetics	06 Biological Sciences	0604 Genetics	Life Sciences	Hybrid	Hybrid gold	Biotechnology and Biological Sciences Research Council	BBSRC	A06 Agriculture, Veterinary and Food Science	yes	15984	no	no	accepted	no license requirement	no license requirement	no compliant license	not cc_by	months	12	12	has embargo	TRUE	authors	1138	published	cc_by	cc_by	cc_by	authors	1	Hybrid	233	2	31	8	c: hybrid gold	compliant	c: hybrid gold	compliant	c: hybrid gold with a TA	compliant	not compliant
Interactions between nitrogen nutrition, canopy architecture and photosynthesis in rice, assessed using high resolution 3D reconstruction	10.1093/insilicoplants/diaa017	2020-12-30	2020	in silico plants	Oxford University Press (OUP)	NA	2517-5025	Article	Malaysia; United Kingdom	06 Biological Sciences; 0699 Other Biological Sciences; 0607 Plant Biology	06 Biological Sciences	0699 Other Biological Sciences; 0607 Plant Biology	Life Sciences	Pure Gold	Pure Gold	Biotechnology and Biological Sciences Research Council	BBSRC	A06 Agriculture, Veterinary and Food Science	yes	35465	yes	no	published	cc_by	cc_by	cc_by	cc_by	No embargo requirement	0	0	zero embargo	TRUE	authors	1	published	cc_by	cc_by	cc_by	authors	1	Pure Gold	2	1	5	1	c: pure gold	compliant	c: pure gold	compliant	c: pure gold	compliant	c: pure gold
Asymptotic Analysis of a Silicon Furnace Model	10.1137/17m1122335	2018-01	2018	siam journal on applied mathematics	Society for Industrial & Applied Mathematics (SIAM)	0036-1399	1095-712X	Article	NA	01 Mathematical Sciences; 0102 Applied Mathematics	01 Mathematical Sciences	0102 Applied Mathematics	Physical Sciences	Closed	Closed	Engineering and Physical Sciences Research Council	EPSRC	NA	no	13591	no	no	published	no license requirement	no license requirement	no compliant license	not cc_by	No embargo requirement	0	0	zero embargo	TRUE	authors	833	published	cc_by	cc_by	cc_by	authors	1	Hybrid	45	2	29	7	c: hybrid gold	compliant	c: hybrid gold	compliant	nc: unconfirmed green oa	not compliant	nc: unconfirmed green oa
The Secretion of miR-200s by a PKCζ/ADAR2 Signaling Axis Promotes Liver Metastasis in Colorectal Cancer	10.1016/j.celrep.2018.03.118	2018-04	2018	cell reports	Elsevier	NA	2211-1247	Article	United Kingdom; Spain; United Kingdom; Spain; United States	06 Biological Sciences; 11 Medical and Health Sciences; 1112 Oncology and Carcinogenesis; 0601 Biochemistry and Cell Biology	06 Biological Sciences; 11 Medical and Health Sciences	1112 Oncology and Carcinogenesis; 0601 Biochemistry and Cell Biology	Health Sciences; Life Sciences	Pure Gold	Pure Gold	National Cancer Institute; National Institute of Diabetes and Digestive and Kidney Diseases; Medical Research Council	MRC	A01 Clinical Medicine	no	21835	yes	no	published	cc_by, cc_by_nc_nd	cc_by	cc_by	cc_by	No embargo requirement	0	0	zero embargo	TRUE	authors	1	published	cc_by	cc_by	cc_by	authors	1	Pure Gold	417	1	5	1	c: pure gold	compliant	c: pure gold	compliant	c: pure gold	compliant	c: pure gold
Mirror symmetry and bosonization in 2d and 3d	10.1007/jhep07(2018)059	2018-07-09	2018	journal of high energy physics	Springer	1126-6708	1029-8479	Article	United States; United Kingdom	01 Mathematical Sciences; 0101 Pure Mathematics	01 Mathematical Sciences	0101 Pure Mathematics	Physical Sciences	Pure Gold	Pure Gold	Science and Technology Facilities Council	STFC	B10 Mathematical Sciences	yes	11319	yes	no	submitted, accepted, published	cc_by	cc_by	cc_by	cc_by	No embargo requirement	0	0	zero embargo	TRUE	authors	1	NA	NA	NA	NA	NA	NA	Pure Gold	854	4	5	1	c: pure gold	compliant	c: pure gold	compliant	c: pure gold	compliant	c: pure gold
Egocentric bias across mental and non-mental representations in the Sandbox Task	10.1177/1747021817742367	2018-01-01	2018	quarterly journal of experimental psychology	SAGE Publications	1747-0218	1747-0226	Article	United Kingdom; United States	17 Psychology and Cognitive Sciences; 1701 Psychology	17 Psychology and Cognitive Sciences	1701 Psychology	Social Sciences	Green, Submitted	Closed	Economic and Social Research Council	ESRC	A04 Psychology, Psychiatry and Neuroscience	yes	1226	no	no	accepted	no license requirement	no license requirement	no compliant license	not cc_by	No embargo requirement	0	0	zero embargo	TRUE	authors	834	published	cc_by	cc_by	cc_by	authors	1	Hybrid	66	2	25	7	c: hybrid gold	compliant	c: hybrid gold	compliant	c: hybrid gold with a TA	compliant	nc: unconfirmed green oa
Christian Ecumenism, Swazi Nationalism, and a Unified Church for a United Nation, 1920s–1970s	10.1080/03057070.2018.1415067	2018-01-08	2018	journal of southern african studies	Taylor & Francis	0305-7070	1465-3893	Article	United Kingdom	21 History and Archaeology; 2103 Historical Studies	21 History and Archaeology	2103 Historical Studies	Arts & Humanities	Green, Submitted	Closed	Arts and Humanities Research Council	AHRC	D28 History	yes	5747	no	no	submitted, accepted	no license requirement	no license requirement	no compliant license	not cc_by	No embargo requirement	0	0	zero embargo	TRUE	authors	834	published	cc_by	cc_by	cc_by	authors	1	Hybrid	11	2	25	7	c: hybrid gold	compliant	c: hybrid gold	compliant	c: hybrid gold with a TA	compliant	nc: unconfirmed green oa
Intestinal helminths as a biomolecular complex in archaeological research	10.1098/rstb.2019.0570	2020-10-05	2020	philosophical transactions of the royal society b biological sciences	The Royal Society	0962-8436	1471-2970	Article	United Kingdom	11 Medical and Health Sciences; 06 Biological Sciences;	11 Medical and Health Sciences; 06 Biological Sciences	No FOR group recorded	Health Sciences; Life Sciences	Bronze	Closed	Biotechnology and Biological Sciences Research Council	BBSRC	C15 Archaeology	yes	11601	no	no	accepted	cc_by	cc_by	cc_by	cc_by	No embargo requirement	0	0	zero embargo	TRUE	authors	2	published	cc_by	cc_by	cc_by	authors	1	Hybrid	282	2	5	1	c: hybrid gold	compliant	c: hybrid gold	compliant	c: hybrid gold with a TA	compliant	c: confirmed green oa
Capitalizing on the crowd: The monetary and financial ecologies of crowdfunding	10.1177/0308518x16687556	2017-01-23	2017	environment and planning a economy and space	SAGE Publications	0308-518X	1472-3409	Article	United Kingdom; United Kingdom	14 Economics; 1402 Applied Economics	14 Economics	1402 Applied Economics	Social Sciences	Green, Accepted	Green	Economic and Social Research Council	ESRC	C17 Business and Management Studies	yes	13163	no	no	accepted	no license requirement	no license requirement	no compliant license	not cc_by	No embargo requirement	0	0	zero embargo	TRUE	authors	834	published	cc_by	cc_by	cc_by	authors	1	Hybrid	30	2	25	7	c: hybrid gold	compliant	c: hybrid gold	compliant	c: hybrid gold with a TA	compliant	nc: unconfirmed green oa
A New Crater Near InSight: Implications for Seismic Impact Detectability on Mars	10.1029/2020je006382	2020-08-19	2020	journal of geophysical research planets	American Geophysical Union (AGU)	2169-9097	2169-9100	Article	United States; France; United Kingdom; United Kingdom; United States; United Kingdom; Australia; United States; United States; France; United Kingdom; United States; United States; France; United States; Switzerland; France	04 Earth Sciences; 0404 Geophysics	04 Earth Sciences	0404 Geophysics	Physical Sciences	Green, Published	Green	United Kingdom Space Agency; Science and Technology Facilities Council; Australian Research Council; Swiss National Science Foundation; Los Alamos National Laboratory; National Agency for Research; ETH Zurich; National Aeronautics and Space Administration; Federal Department of Economic Affairs Education and Research	STFC	B09 Physics	no	11077	no	no	submitted, accepted	no license requirement	no license requirement	no compliant license	not cc_by	No embargo requirement	0	0	zero embargo	FALSE	authors	838	published	cc_by	cc_by	cc_by	authors	1	Hybrid	53	2	29	7	c: hybrid gold	compliant	c: hybrid gold	compliant	not compliant	not compliant	not compliant
Microscopic effects of Dy doping in the topological insulator Bi2Te3	10.1103/physrevb.97.174427	2018-05-01	2018	physical review b	American Physical Society (APS)	2469-9950	1095-3795	Article	United Kingdom; United Kingdom; Switzerland; France; United Kingdom; United Kingdom; Switzerland; United Kingdom	03 Chemical Sciences; 0302 Inorganic Chemistry; 0306 Physical Chemistry (incl. Structural)	03 Chemical Sciences	0302 Inorganic Chemistry; 0306 Physical Chemistry (incl. Structural)	Physical Sciences	Green, Published	Green	Science and Technology Facilities Council; Swiss National Science Foundation; Engineering and Physical Sciences Research Council	EPSRC, STFC	B09 Physics	no	31060	no	no	submitted, accepted, published	no license requirement	no license requirement	no compliant license	not cc_by	No embargo requirement	0	0	zero embargo	TRUE	authors	833	published	cc_by	cc_by	cc_by	authors	1	Hybrid	963	2	29	7	c: hybrid gold	compliant	c: hybrid gold	compliant	nc: unconfirmed green oa	not compliant	nc: unconfirmed green oa
Stakeholder discourse and opinion towards a charismatic non‐native lizard species: Potential invasive problem or a welcome addition?	10.1002/pan3.18	2019-04-05	2019	people and nature	Wiley	NA	2575-8314	Article	United Kingdom	05 Environmental Sciences; 0502 Environmental Science and Management	05 Environmental Sciences	0502 Environmental Science and Management	Physical Sciences	Pure Gold	Pure Gold	Natural Environment Research Council	NERC	C13 Architecture, Built Environment and Planning	yes	36955	yes	no	submitted, accepted, published	cc_by	cc_by	cc_by	cc_by	No embargo requirement	0	0	zero embargo	TRUE	authors	1	NA	NA	NA	NA	NA	NA	Pure Gold	20	4	5	1	c: pure gold	compliant	c: pure gold	compliant	c: pure gold	compliant	c: pure gold
The local embedding of low carbon technologies and the agency of user-side intermediaries	10.1016/j.jclepro.2018.10.258	2019-02	2019	journal of cleaner production	Elsevier	0959-6526	1879-1786	Article	United Kingdom	09 Engineering; 0915 Interdisciplinary Engineering; 0910 Manufacturing Engineering; 0907 Environmental Engineering	09 Engineering	0915 Interdisciplinary Engineering; 0910 Manufacturing Engineering; 0907 Environmental Engineering	Physical Sciences	Green, Submitted	Closed	Economic and Social Research Council	ESRC	C17 Business and Management Studies	no	13808	no	no	accepted	cc_by_nc_nd	cc_by_nc_nd	no compliant license	not cc_by	No embargo requirement	0	0	zero embargo	FALSE	authors	710	published	cc_by	cc_by	cc_by	authors	1	Hybrid	223	2	25	7	c: hybrid gold	compliant	c: hybrid gold	compliant	not compliant	not compliant	not compliant
Synthesis of Functionalized Alkenes by a Transition-Metal-Free Zweifel Coupling.	10.1021/acs.orglett.7b01124	2017-04-28	2017	organic letters	American Chemical Society (ACS)	1523-7060	1523-7052	Article	United Kingdom	03 Chemical Sciences; 0305 Organic Chemistry	03 Chemical Sciences	0305 Organic Chemistry	Physical Sciences	Green, Submitted	Closed	Engineering and Physical Sciences Research Council	EPSRC	B08 Chemistry	no	7793	no	no	accepted	no license requirement	no license requirement	no compliant license	not cc_by	months	12	12	has embargo	TRUE	authors	1138	published	cc_by	cc_by	cc_by	publishers	2	Hybrid	119	2	31	8	c: hybrid gold	compliant	c: hybrid gold	compliant	not compliant	not compliant	not compliant
Benzodithiazole‐Based Hole‐Transporting Material for Efficient Perovskite Solar Cells	10.1002/ajoc.201800490	2018-10-24	2018	asian journal of organic chemistry	Wiley	2193-5807	2193-5815	Article	Malaysia; India	03 Chemical Sciences; 0306 Physical Chemistry (incl. Structural)	03 Chemical Sciences	0306 Physical Chemistry (incl. Structural)	Physical Sciences	Closed	Closed	Engineering and Physical Sciences Research Council; Japan Society for the Promotion of Science; Department of Science and Technology; Council of Scientific and Industrial Research	EPSRC	B12 Engineering	yes	22827	no	no	accepted	no license requirement	no license requirement	no compliant license	not cc_by	No embargo requirement	0	0	zero embargo	TRUE	authors	834	published	cc_by	cc_by	cc_by	authors	1	Hybrid	5	2	29	7	c: hybrid gold	compliant	c: hybrid gold	compliant	c: hybrid gold with a TA	compliant	nc: unconfirmed green oa
Corrigendum: Aspects of 1S–2S spectroscopy of trapped antihydrogen atoms (2017 J. Phys. B: At. Mol. Opt. Phys. Biofabrication 50 184002)	10.1088/1361-6455/aab1a9	2018-04-11	2018	journal of physics b atomic molecular and optical physics	IOP Publishing	1464-4266	1741-3575	Article	United States	02 Physical Sciences; 03 Chemical Sciences; 0205 Optical Physics; 0202 Atomic, Molecular, Nuclear, Particle and Plasma Physics; 0307 Theoretical and Computational Chemistry	02 Physical Sciences; 03 Chemical Sciences	0205 Optical Physics; 0202 Atomic, Molecular, Nuclear, Particle and Plasma Physics; 0307 Theoretical and Computational Chemistry	Physical Sciences	Green, Accepted	Green	European Research Council; United States Department of Energy; Engineering and Physical Sciences Research Council	EPSRC	NA	yes	NA	NA	NA	NA	NA	NA	NA	NA	NA	NA	NA	NA	NA	NA	NA	NA	NA	NA	NA	NA	NA	Closed or insufficient information	75	6	99	99	not compliant	not compliant	not compliant	not compliant	not compliant	not compliant	not compliant
Effect of CdCl2 passivation treatment on microstructure and performance of CdSeTe/CdTe thin-film photovoltaic devices	10.1016/j.solmat.2018.06.016	2018-11	2018	solar energy materials and solar cells	Elsevier	0927-0248	1879-3398	Article	United Kingdom; Canada; United States	09 Engineering; 0912 Materials Engineering	09 Engineering	0912 Materials Engineering	Physical Sciences	Green, Accepted	Green	Engineering and Physical Sciences Research Council; United States Department of Energy; Directorate for Engineering	EPSRC	B12 Engineering	no	28956	no	no	accepted	cc_by_nc_nd	cc_by_nc_nd	no compliant license	not cc_by	No embargo requirement	0	0	zero embargo	FALSE	authors	710	published	cc_by	cc_by	cc_by	authors	1	Hybrid	63	2	29	7	c: hybrid gold	compliant	c: hybrid gold	compliant	not compliant	not compliant	not compliant
Family-specific genotype arrays increase the accuracy of pedigree-based imputation at very low marker densities	10.1186/s12711-019-0478-2	2019-06-26	2019	genetics selection evolution	Springer	0999-193X	1297-9686	Article	United Kingdom	06 Biological Sciences; 0604 Genetics	06 Biological Sciences	0604 Genetics	Life Sciences	Pure Gold	Pure Gold	Medical Research Council; Biotechnology and Biological Sciences Research Council	BBSRC, MRC	A05 Biological Sciences	yes	2580	yes	no	accepted, published	cc_by	cc_by	cc_by	cc_by	No embargo requirement	0	0	zero embargo	TRUE	authors	1	NA	NA	NA	NA	NA	NA	Pure Gold	36	4	5	1	c: pure gold	compliant	c: pure gold	compliant	c: pure gold	compliant	c: pure gold
Unequivocal imaging of aluminium in human cells and tissues by an improved method using morin	10.1007/s00418-019-01809-0	2019-08-28	2019	histochemistry and cell biology	Springer	0948-6143	1432-119X	Article	United Kingdom	11 Medical and Health Sciences; 06 Biological Sciences; 0601 Biochemistry and Cell Biology; 1116 Medical Physiology; 1101 Medical Biochemistry and Metabolomics	11 Medical and Health Sciences; 06 Biological Sciences	0601 Biochemistry and Cell Biology; 1116 Medical Physiology; 1101 Medical Biochemistry and Metabolomics	Health Sciences; Life Sciences	Hybrid	Hybrid gold	Medical Research Council	MRC	B12 Engineering	yes	8010	no	no	accepted	no license requirement	no license requirement	no compliant license	not cc_by	No embargo requirement	0	0	zero embargo	FALSE	authors	838	published	cc_by	cc_by	cc_by	authors	1	Hybrid	12	2	29	7	c: hybrid gold	compliant	c: hybrid gold	compliant	c: hybrid gold with a TA	compliant	not compliant
Glycolysis of PET Using 1,3-Dimethylimidazolium-2-Carboxylate as an Organocatalyst	10.1021/acssuschemeng.0c04108	2020-08-11	2020	acs sustainable chemistry & engineering	American Chemical Society (ACS)	NA	2168-0485	Article	United Kingdom	05 Environmental Sciences; 09 Engineering; 03 Chemical Sciences; 0904 Chemical Engineering; 0502 Environmental Science and Management; 0301 Analytical Chemistry	05 Environmental Sciences; 09 Engineering; 03 Chemical Sciences	0904 Chemical Engineering; 0502 Environmental Science and Management; 0301 Analytical Chemistry	Physical Sciences	Closed	Closed	Engineering and Physical Sciences Research Council	EPSRC	NA	no	27876	no	no	accepted	no license requirement	no license requirement	no compliant license	not cc_by	months	12	12	has embargo	TRUE	authors	1138	published	cc_by	cc_by	cc_by	publishers	2	Hybrid	89	2	31	8	c: hybrid gold	compliant	c: hybrid gold	compliant	not compliant	not compliant	not compliant
Ammonia Scavenging Prevents Progression of Fibrosis in Experimental Nonalcoholic Fatty Liver Disease	10.1002/hep.30890	2019-10-15	2019	hepatology	Wiley	0270-9139	1527-3350	Article	United Kingdom; United Kingdom; Spain; Denmark	11 Medical and Health Sciences; 1102 Cardiorespiratory Medicine and Haematology	11 Medical and Health Sciences	1102 Cardiorespiratory Medicine and Haematology	Health Sciences	Green, Published	Green	Medical Research Council; Danish Agency for Science and Higher Education; Novo Nordisk Foundation	MRC	A01 Clinical Medicine	yes	13950	no	no	accepted	no license requirement	no license requirement	no compliant license	not cc_by	months	12	12	has embargo	TRUE	authors	1138	published	cc_by	cc_by	cc_by	authors	1	Hybrid	51	2	31	8	c: hybrid gold	compliant	c: hybrid gold	compliant	c: hybrid gold with a TA	compliant	not compliant
Reconstructing ice-age palaeoclimates: Quantifying low-CO2 effects on plants	10.1016/j.gloplacha.2016.12.012	2017-02	2017	global and planetary change	Elsevier	0921-8181	1872-6364	Article	United Kingdom; United Kingdom; Australia; United Kingdom	04 Earth Sciences; 0406 Physical Geography and Environmental Geoscience	04 Earth Sciences	0406 Physical Geography and Environmental Geoscience	Physical Sciences	Green, Accepted	Green	Natural Environment Research Council; Australian Research Council	NERC	C14 Geography and Environmental Studies	no	16917	no	no	accepted	cc_by_nc_nd	cc_by_nc_nd	no compliant license	not cc_by	No embargo requirement	0	0	zero embargo	FALSE	authors	710	published	cc_by	cc_by	cc_by	authors	1	Hybrid	36	2	29	7	c: hybrid gold	compliant	c: hybrid gold	compliant	not compliant	not compliant	not compliant
Stealth Entropy Production in Active Field Theories near Ising Critical Points	10.1103/physrevlett.124.240604	2020-06-18	2020	physical review letters	American Physical Society (APS)	0031-9007	1079-7114	Article	United Kingdom	01 Mathematical Sciences; 0101 Pure Mathematics	01 Mathematical Sciences	0101 Pure Mathematics	Physical Sciences	Green, Submitted	Closed	Royal Society; Engineering and Physical Sciences Research Council; European Research Council	EPSRC	B10 Mathematical Sciences	no	13640	no	no	submitted, accepted, published	no license requirement	no license requirement	no compliant license	not cc_by	No embargo requirement	0	0	zero embargo	TRUE	authors	833	published	cc_by	cc_by	cc_by	authors	1	Hybrid	1091	2	29	7	c: hybrid gold	compliant	c: hybrid gold	compliant	nc: unconfirmed green oa	not compliant	nc: unconfirmed green oa
Genetic effects influencing risk for major depressive disorder in China and Europe	10.1038/tp.2016.292	2017-03-28	2017	translational psychiatry	Springer	NA	2158-3188	Article	United Kingdom; United States; United States; Netherlands; United Kingdom; Australia; United States; United States; United States; Australia; United States; United States; Denmark; Ireland; Germany; United States; Germany; United States; United States; Germany; United Kingdom; United States; United Kingdom; United States; United States; Germany; United Kingdom; Australia; Germany; United States; Netherlands; Germany; Denmark; Germany; Australia; Netherlands; Germany; Netherlands; United States; United States; United Kingdom; Netherlands; United States; Netherlands; Spain; United States; Switzerland; Germany; Sweden; United States	11 Medical and Health Sciences; 17 Psychology and Cognitive Sciences; 1103 Clinical Sciences; 1701 Psychology; 1117 Public Health and Health Services	11 Medical and Health Sciences; 17 Psychology and Cognitive Sciences	1103 Clinical Sciences; 1701 Psychology; 1117 Public Health and Health Services	Health Sciences; Social Sciences	Pure Gold	Pure Gold	Medical Research Council; Scottish Funding Council; National Institute of Mental Health; Wellcome Trust; Dutch Research Council; National Institute on Drug Abuse; National Institute on Alcohol Abuse and Alcoholism; Federal Ministry of Education and Research; Chief Scientist Office; United States National Library of Medicine; Dutch Brain Foundation	MRC	A04 Psychology, Psychiatry and Neuroscience	yes	24221	yes	no	submitted, accepted, published	cc_by	cc_by	cc_by	cc_by	No embargo requirement	0	0	zero embargo	TRUE	authors	1	NA	NA	NA	NA	NA	NA	Pure Gold	159	4	5	1	c: pure gold	compliant	c: pure gold	compliant	c: pure gold	compliant	c: pure gold
Coral symbiosis is a three-player game	10.1038/d41586-019-00949-6	2019-04-03	2019	nature	Nature	0028-0836	1476-4687	Article	NA	NA	Missing	No FOR group recorded	Missing	Bronze	Closed	Natural Environment Research Council; National Institute of General Medical Sciences	NERC	NA	no	4008	no	no	accepted	no license requirement	no license requirement	no compliant license	not cc_by	months	6	6	has embargo	TRUE	authors	1130	NA	NA	NA	NA	NA	NA	Closed or insufficient information	632	6	30	8	not compliant	not compliant	not compliant	not compliant	not compliant	not compliant	not compliant
“El nen s'ha menjat una aranya”: The development of narratives in Catalan speaking children	10.1017/s0305000920000057	2020-05-01	2020	journal of child language	Cambridge University Press (CUP)	0305-0009	1469-7602	Article	Spain; United Kingdom; Spain; Spain; United Kingdom	20 Language, Communication and Culture; 2004 Linguistics	20 Language, Communication and Culture	2004 Linguistics	Arts & Humanities	Green, Accepted	Green	Economic and Social Research Council	ESRC	D26 Modern Languages and Linguistics	yes	1614	no	no	accepted	cc_by_nc_nd	cc_by_nc_nd	no compliant license	not cc_by	No embargo requirement	0	0	zero embargo	TRUE	authors	706	published	cc_by	cc_by	cc_by	authors	1	Hybrid	10	2	25	7	c: hybrid gold	compliant	c: hybrid gold	compliant	c: hybrid gold with a TA	compliant	not compliant
Alcohol Dehydrogenase‐Triggered Oxa‐Michael Reaction for the Asymmetric Synthesis of Disubstituted Tetrahydropyrans and Tetrahydrofurans	10.1002/cctc.201900658	2019-07-09	2019	chemcatchem	Wiley	1867-3880	1867-3899	Article	United Kingdom; Ireland; United Kingdom	03 Chemical Sciences; 0305 Organic Chemistry	03 Chemical Sciences	0305 Organic Chemistry	Physical Sciences	Green, Accepted	Green	Engineering and Physical Sciences Research Council	EPSRC	B08 Chemistry	yes	1460	no	no	accepted	no license requirement	no license requirement	no compliant license	not cc_by	months	12	12	has embargo	TRUE	authors	1138	published	cc_by	cc_by	cc_by	authors	1	Hybrid	58	2	31	8	c: hybrid gold	compliant	c: hybrid gold	compliant	c: hybrid gold with a TA	compliant	not compliant
Motion of a non-axisymmetric particle in viscous shear flow	10.1017/jfm.2019.367	2019-06-10	2019	journal of fluid mechanics	Cambridge University Press (CUP)	0022-1120	1469-7645	Article	United Kingdom	01 Mathematical Sciences; 0101 Pure Mathematics	01 Mathematical Sciences	0101 Pure Mathematics	Physical Sciences	Green, Submitted	Closed	Engineering and Physical Sciences Research Council	EPSRC	B10 Mathematical Sciences	yes	1706	no	no	accepted	cc_by_nc_nd	cc_by_nc_nd	no compliant license	not cc_by	No embargo requirement	0	0	zero embargo	FALSE	authors	710	published	cc_by	cc_by	cc_by	authors	1	Hybrid	395	2	29	7	c: hybrid gold	compliant	c: hybrid gold	compliant	c: hybrid gold with a TA	compliant	not compliant
Fifty years of child height and weight in Japan and South Korea: Contrasting secular trend patterns analyzed by SITAR	10.1002/ajhb.23054	2017-08-23	2017	american journal of human biology	Wiley	1042-0533	1520-6300	Article	Japan	11 Medical and Health Sciences; 1117 Public Health and Health Services	11 Medical and Health Sciences	1117 Public Health and Health Services	Health Sciences	Hybrid	Hybrid gold	Medical Research Council	MRC	A02 Public Health, Health Services and Primary Care	yes	4671	no	no	accepted	no license requirement	no license requirement	no compliant license	not cc_by	months	12	12	has embargo	TRUE	authors	1138	published	cc_by	cc_by	cc_by	authors	1	Hybrid	11	2	31	8	c: hybrid gold	compliant	c: hybrid gold	compliant	c: hybrid gold with a TA	compliant	not compliant
A Simultaneous Differential Scanning Calorimetry-X-ray Diffraction Study of Olanzapine Crystallization from Amorphous Solid Dispersions.	10.1021/acs.molpharmaceut.0c00846	2020-10-19	2020	molecular pharmaceutics	American Chemical Society (ACS)	1543-8384	1543-8392	Article	United Kingdom; China; United Kingdom	03 Chemical Sciences; 0303 Macromolecular and Materials Chemistry	03 Chemical Sciences	0303 Macromolecular and Materials Chemistry	Physical Sciences	Closed	Closed	Engineering and Physical Sciences Research Council	EPSRC	A03 Allied Health Professions, Dentistry, Nursing and Pharmacy	no	7791	no	no	accepted	no license requirement	no license requirement	no compliant license	not cc_by	months	12	12	has embargo	TRUE	authors	1138	published	cc_by	cc_by	cc_by	publishers	2	Hybrid	65	2	31	8	c: hybrid gold	compliant	c: hybrid gold	compliant	not compliant	not compliant	not compliant
Exposing Toxoplasma gondii hiding inside the vacuole: a role for GBPs, autophagy and host cell death	10.1016/j.mib.2017.10.021	2017-11-12	2017	current opinion in microbiology	Elsevier	1369-5274	1879-0364	Article	United Kingdom; United States	11 Medical and Health Sciences; 06 Biological Sciences; 0601 Biochemistry and Cell Biology; 1108 Medical Microbiology	11 Medical and Health Sciences; 06 Biological Sciences	0601 Biochemistry and Cell Biology; 1108 Medical Microbiology	Health Sciences; Life Sciences	Hybrid	Hybrid gold	The Francis Crick Institute; National Eye Institute; Cancer Research UK; Medical Research Council; National Institute of Allergy and Infectious Diseases; Wellcome Trust	MRC	A01 Clinical Medicine	no	11165	no	no	accepted	cc_by_nc_nd	cc_by_nc_nd	no compliant license	not cc_by	No embargo requirement	0	0	zero embargo	FALSE	authors	710	published	cc_by	cc_by	cc_by	authors	1	Hybrid	36	2	29	7	c: hybrid gold	compliant	c: hybrid gold	compliant	not compliant	not compliant	not compliant
SKIM, a Candidate Satellite Mission Exploring Global Ocean Currents and Waves	10.3389/fmars.2019.00209	2019-01-01	2019	frontiers in marine science	Frontiers	2296-7745	NA	Article	United Kingdom; Norway; Netherlands; Netherlands; Germany; France; Italy; United States; United Kingdom; Netherlands; Germany; Norway; France; France; Germany; Italy; United Kingdom	04 Earth Sciences; 0405 Oceanography	04 Earth Sciences	0405 Oceanography	Physical Sciences	Pure Gold	Pure Gold	National Agency for Research; Natural Environment Research Council	NERC	B07 Earth Systems and Environmental Sciences	no	26075	yes	no	published	cc_by	cc_by	cc_by	cc_by	No embargo requirement	0	0	zero embargo	TRUE	authors	1	published	cc_by	cc_by	cc_by	authors	1	Pure Gold	171	1	5	1	c: pure gold	compliant	c: pure gold	compliant	c: pure gold	compliant	c: pure gold
Nanoscale analysis of ion irradiated ODS 14YWT ferritic alloy	10.1016/j.jnucmat.2019.151852	2020-01	2020	journal of nuclear materials	Elsevier	0022-3115	1873-4820	Article	Spain; United Kingdom; United States	09 Engineering; 0912 Materials Engineering	09 Engineering	0912 Materials Engineering	Physical Sciences	Closed	Closed	Sony Corporation (United States); Comunidad de Madrid; Engineering and Physical Sciences Research Council; United States Department of Energy	EPSRC	B12 Engineering	no	11435	no	no	accepted	cc_by_nc_nd	cc_by_nc_nd	no compliant license	not cc_by	No embargo requirement	0	0	zero embargo	FALSE	authors	710	published	cc_by	cc_by	cc_by	authors	1	Hybrid	119	2	29	7	c: hybrid gold	compliant	c: hybrid gold	compliant	not compliant	not compliant	not compliant
Market microstructure, banks’ behaviour and interbank spreads: evidence after the crisis	10.1007/s11403-019-00248-3	2019-04-06	2019	journal of economic interaction and coordination	Springer	1860-711X	1860-7128	Article	United Arab Emirates; United Kingdom; United Kingdom; Italy; Italy	14 Economics; 1402 Applied Economics	14 Economics	1402 Applied Economics	Social Sciences	Green, Accepted	Green	European Commission; Economic and Social Research Council	ESRC	C17 Business and Management Studies	yes	8061	no	no	accepted	no license requirement	no license requirement	no compliant license	not cc_by	No embargo requirement	0	0	zero embargo	FALSE	authors	838	published	cc_by	cc_by	cc_by	authors	1	Hybrid	3	2	25	7	c: hybrid gold	compliant	c: hybrid gold	compliant	c: hybrid gold with a TA	compliant	not compliant
Synthesis of SMT022357 enantiomers and in vivo evaluation in a Duchenne muscular dystrophy mouse model	10.1016/j.tet.2019.130819	2020-01	2020	tetrahedron	Elsevier	0040-4020	1464-5416	Article	United Kingdom; United Kingdom	03 Chemical Sciences; 0305 Organic Chemistry	03 Chemical Sciences	0305 Organic Chemistry	Physical Sciences	Hybrid	Hybrid gold	Medical Research Council; European Commission; Home Office	MRC	A01 Clinical Medicine	no	15869	no	no	accepted	cc_by_nc_nd	cc_by_nc_nd	no compliant license	not cc_by	No embargo requirement	0	0	zero embargo	FALSE	authors	710	published	cc_by	cc_by	cc_by	authors	1	Hybrid	91	2	29	7	c: hybrid gold	compliant	c: hybrid gold	compliant	not compliant	not compliant	not compliant
How to make the propagation time through an optical fiber fully insensitive to temperature variations	10.1364/optica.4.000659	2017-06-13	2017	optica	The Optical Society	NA	2334-2536	Article	NA	02 Physical Sciences; 09 Engineering; 10 Technology; 1005 Communications Technologies; 0906 Electrical and Electronic Engineering; 0205 Optical Physics	02 Physical Sciences; 09 Engineering; 10 Technology	1005 Communications Technologies; 0906 Electrical and Electronic Engineering; 0205 Optical Physics	Physical Sciences	Pure Gold	Pure Gold	Wolfson Foundation; Engineering and Physical Sciences Research Council; Royal Society	EPSRC	NA	no	29756	yes	no	accepted, published	cc_by	cc_by	cc_by	cc_by	No embargo requirement	0	0	zero embargo	TRUE	publishers	3	NA	NA	NA	NA	NA	NA	Pure Gold	74	4	5	1	c: pure gold	compliant	c: pure gold	compliant	c: pure gold	compliant	c: pure gold
Impact of hydrodynamics on iPSC-derived cardiomyocyte differentiation processes	10.1016/j.jbiotec.2018.07.028	2018-09-10	2018	journal of biotechnology	Elsevier	0168-1656	1873-4863	Article	Portugal; Portugal; United Kingdom	09 Engineering; 0915 Interdisciplinary Engineering	09 Engineering	0915 Interdisciplinary Engineering	Physical Sciences	Green, Submitted	Closed	Engineering and Physical Sciences Research Council; European Commission; Fundação para a Ciência e Tecnologia; Foundation for Science and Technology	EPSRC	B12 Engineering	no	13783	no	no	accepted	cc_by_nc_nd	cc_by_nc_nd	no compliant license	not cc_by	No embargo requirement	0	0	zero embargo	FALSE	authors	710	published	cc_by	cc_by	cc_by	authors	1	Hybrid	12	2	29	7	c: hybrid gold	compliant	c: hybrid gold	compliant	not compliant	not compliant	not compliant
The mineralogy, petrology, and composition of anomalous eucrite Emmaville	10.1111/maps.12818	2017-02-02	2017	meteoritics and planetary science	Wiley	1086-9379	1945-5100	Article	United Kingdom; United States; United Kingdom; United States	04 Earth Sciences; 0403 Geology	04 Earth Sciences	0403 Geology	Physical Sciences	Hybrid	Hybrid gold	National Aeronautics and Space Administration; Science and Technology Facilities Council	STFC	B07 Earth Systems and Environmental Sciences	yes	6925	no	no	accepted	no license requirement	no license requirement	no compliant license	not cc_by	months	12	12	has embargo	TRUE	authors	1138	published	cc_by	cc_by	cc_by	authors	1	Hybrid	54	2	31	8	c: hybrid gold	compliant	c: hybrid gold	compliant	c: hybrid gold with a TA	compliant	not compliant
Does urinary cytology have a role in haematuria investigations?	10.1111/bju.14459	2018-08-29	2018	bju international	Wiley	1464-4096	1464-410X	Article	United Kingdom; United Kingdom; United Kingdom; United Kingdom; United Kingdom; United Kingdom; United Kingdom; United Kingdom; United Kingdom; United Kingdom	11 Medical and Health Sciences; 1112 Oncology and Carcinogenesis	11 Medical and Health Sciences	1112 Oncology and Carcinogenesis	Health Sciences	Hybrid	Hybrid gold	Medical Research Council	MRC	A01 Clinical Medicine	yes	3622	no	no	accepted	no license requirement	no license requirement	no compliant license	not cc_by	months	12	12	has embargo	TRUE	authors	1138	published	cc_by	cc_by	cc_by	authors	1	Hybrid	40	2	31	8	c: hybrid gold	compliant	c: hybrid gold	compliant	c: hybrid gold with a TA	compliant	not compliant
Cleaning of thick viscoplastic surface deposits using an impinging jet: Effect of process variables.	10.1016/j.jfoodeng.2019.109699	2020-02	2020	journal of food engineering	Elsevier	0260-8774	1873-5770	Article	United Kingdom	09 Engineering; 0915 Interdisciplinary Engineering	09 Engineering	0915 Interdisciplinary Engineering	Physical Sciences	Green, Submitted	Closed	Procter & Gamble (United States); Engineering and Physical Sciences Research Council	EPSRC	B12 Engineering	no	13933	no	no	accepted	cc_by_nc_nd	cc_by_nc_nd	no compliant license	not cc_by	No embargo requirement	0	0	zero embargo	FALSE	authors	710	published	cc_by	cc_by	cc_by	authors	1	Hybrid	22	2	29	7	c: hybrid gold	compliant	c: hybrid gold	compliant	not compliant	not compliant	not compliant
Sarah K. Gillespie , The Early American Daguerreotype: Cross-currents in Art and Technology. Cambridge, MA: MIT Press, 2016, Pp. x + 213. ISBN 978 0 2620 3410 4. £23.95 (cloth).	10.1017/s0007087417000711	2017-09-19	2017	the british journal for the history of science	Cambridge University Press (CUP)	0007-0874	1474-001X	Article	United Kingdom	22 Philosophy and Religious Studies; 21 History and Archaeology; 2202 History and Philosophy of Specific Fields; 2103 Historical Studies	22 Philosophy and Religious Studies; 21 History and Archaeology	2202 History and Philosophy of Specific Fields; 2103 Historical Studies	Arts & Humanities	Bronze	Closed	Arts and Humanities Research Council	AHRC	NA	yes	2199	no	no	accepted	cc_by_nc_nd	cc_by_nc_nd	no compliant license	not cc_by	No embargo requirement	0	0	zero embargo	TRUE	authors	706	published	cc_by	cc_by	cc_by	authors	1	Hybrid	5	2	25	7	c: hybrid gold	compliant	c: hybrid gold	compliant	c: hybrid gold with a TA	compliant	not compliant
Return period of extreme rainfall substantially decreases under 1.5 °C and 2.0 °C warming: a case study for Uttarakhand, India	10.1088/1748-9326/ab0bce	2019-04-17	2019	environmental research letters	IOP Publishing	1748-9318	1748-9326	Article	NA	04 Earth Sciences; 0401 Atmospheric Sciences	04 Earth Sciences	0401 Atmospheric Sciences	Physical Sciences	Pure Gold	Pure Gold	Engineering and Physical Sciences Research Council	EPSRC	C14 Geography and Environmental Studies	yes	11263	yes	no	submitted, accepted, published	cc_by	cc_by	cc_by	cc_by	No embargo requirement	0	0	zero embargo	TRUE	authors	1	published	cc_by	cc_by	cc_by	authors	1	Pure Gold	199	1	5	1	c: pure gold	compliant	c: pure gold	compliant	c: pure gold	compliant	c: pure gold
SN 2016B a.k.a. ASASSN-16ab: a transitional Type II supernova	10.1093/mnras/stz949	2019-04-23	2019	monthly notices of the royal astronomical society	Oxford University Press (OUP)	0035-8711	1365-2966	Article	United States; Italy; India; India; United States; India; India; Italy	02 Physical Sciences; 0299 Other Physical Sciences	02 Physical Sciences	0299 Other Physical Sciences	Physical Sciences	Bronze	Closed	Science and Engineering Research Board; Department of Science and Technology; Science and Technology Facilities Council; National Aeronautics and Space Administration	STFC	B09 Physics	yes	24618	no	no	published	no license requirement	no license requirement	no compliant license	not cc_by	No embargo requirement	0	0	zero embargo	TRUE	authors	833	published	cc_by	cc_by	cc_by	authors	1	Hybrid	2779	2	29	7	c: hybrid gold	compliant	c: hybrid gold	compliant	c: hybrid gold with a TA	compliant	nc: unconfirmed green oa
The El Niño event of 2015–2016: climate anomalies and their impact on groundwater resources in East and Southern Africa	10.5194/hess-23-1751-2019	2019-03-29	2019	hydrology and earth system sciences	Copernicus Publications	1027-5606	1607-7938	Article	United Kingdom; United Kingdom; United Kingdom; Tanzania; United Kingdom; United Kingdom	04 Earth Sciences; 0406 Physical Geography and Environmental Geoscience	04 Earth Sciences	0406 Physical Geography and Environmental Geoscience	Physical Sciences	Pure Gold	Pure Gold	Natural Environment Research Council; Leverhulme Trust; Economic and Social Research Council; Royal Society; Engineering and Physical Sciences Research Council	ESRC, EPSRC, NERC	C14 Geography and Environmental Studies	no	1254	yes	no	submitted, accepted, published	cc_by	cc_by	cc_by	cc_by	No embargo requirement	0	0	zero embargo	TRUE	authors	1	NA	NA	NA	NA	NA	NA	Pure Gold	63	4	5	1	c: pure gold	compliant	c: pure gold	compliant	c: pure gold	compliant	c: pure gold
Examining patterns in opioid prescribing for non-cancer-related pain in Wales: preliminary data from a retrospective cross-sectional study using large datasets	10.1177/2049463718800737	2018-09-25	2018	british journal of pain	SAGE Publications	2049-4637	2049-4645	Article	United Kingdom	11 Medical and Health Sciences; 1117 Public Health and Health Services	11 Medical and Health Sciences	1117 Public Health and Health Services	Health Sciences	Green, Published	Green	Pharmacy Research UK; Economic and Social Research Council	ESRC	A03 Allied Health Professions, Dentistry, Nursing and Pharmacy; A02 Public Health, Health Services and Primary Care	yes	24711	no	no	accepted	no license requirement	no license requirement	no compliant license	not cc_by	No embargo requirement	0	0	zero embargo	TRUE	authors	834	published	cc_by	cc_by	cc_by	authors	1	Hybrid	3	2	25	7	c: hybrid gold	compliant	c: hybrid gold	compliant	c: hybrid gold with a TA	compliant	nc: unconfirmed green oa
A Universe that Does Not Know the Time	10.3390/universe5030084	2019-03-01	2019	universe	MDPI	0043-9592	2218-1997	Article	United Kingdom; Canada	02 Physical Sciences; 0202 Atomic, Molecular, Nuclear, Particle and Plasma Physics	02 Physical Sciences	0202 Atomic, Molecular, Nuclear, Particle and Plasma Physics	Physical Sciences	Pure Gold	Pure Gold	Science and Technology Facilities Council	STFC	B10 Mathematical Sciences	no	35330	yes	no	published	cc_by	cc_by	cc_by	cc_by	No embargo requirement	0	0	zero embargo	TRUE	authors	1	published	cc_by	cc_by	cc_by	authors	1	Pure Gold	19	1	5	1	c: pure gold	compliant	c: pure gold	compliant	c: pure gold	compliant	c: pure gold
Phenotype, penetrance, and treatment of 133 cytotoxic T-lymphocyte antigen 4–insufficient subjects	10.1016/j.jaci.2018.02.055	2018-05-04	2018	journal of allergy and clinical immunology	Elsevier	0091-6749	1097-6825	Article	Spain; Germany; Germany; Germany; United Kingdom; United States; Germany; Canada; United Kingdom; Switzerland; United States; United States; Norway; United States; Spain; Australia; Germany; Germany; Spain; United Kingdom; Czechia; Belgium; United Kingdom; Switzerland; Czechia; Germany; Czechia; United States; Germany; Germany; Japan; Germany; United Kingdom; Greece; United States; Japan; United States; Norway; United Kingdom; Canada; United Kingdom; United States; Switzerland; Switzerland; Italy; Germany; Czechia; Germany	11 Medical and Health Sciences; 1107 Immunology	11 Medical and Health Sciences	1107 Immunology	Health Sciences	Green, Accepted	Green	Japan Society for the Promotion of Science; Swiss National Science Foundation; National Cancer Institute; Japan Agency for Medical Research and Development; Biotechnology and Biological Sciences Research Council; National Institute of Allergy and Infectious Diseases	BBSRC	A01 Clinical Medicine	no	3193	no	no	accepted	cc_by_nc_nd	cc_by_nc_nd	no compliant license	not cc_by	No embargo requirement	0	0	zero embargo	FALSE	authors	710	published	cc_by	cc_by	cc_by	authors	1	Hybrid	166	2	29	7	c: hybrid gold	compliant	c: hybrid gold	compliant	not compliant	not compliant	not compliant
Crystal structures of a GABAA-receptor chimera reveal new endogenous neurosteroid-binding sites	10.1038/nsmb.3477	2017-10-02	2017	nature structural & molecular biology	Nature	1545-9993	2331-365X	Article	United Kingdom; United Kingdom; France; France	11 Medical and Health Sciences; 06 Biological Sciences; 03 Chemical Sciences;	11 Medical and Health Sciences; 06 Biological Sciences; 03 Chemical Sciences	No FOR group recorded	Physical Sciences; Health Sciences; Life Sciences	Green, Accepted	Green	Royal Society; Wellcome Trust; Biotechnology and Biological Sciences Research Council; Engineering and Physical Sciences Research Council; Medical Research Council	BBSRC, EPSRC, MRC	NA	no	4026	no	no	accepted	no license requirement	no license requirement	no compliant license	not cc_by	months	6	6	has embargo	TRUE	authors	1130	NA	NA	NA	NA	NA	NA	Closed or insufficient information	81	6	30	8	not compliant	not compliant	not compliant	not compliant	not compliant	not compliant	not compliant
A cut finite element method for the Bernoulli free boundary value problem	10.1016/j.cma.2016.12.021	2017-04	2017	computer methods in applied mechanics and engineering	Elsevier	0045-7825	1879-2138	Article	Sweden; United Kingdom; Sweden	01 Mathematical Sciences; 0103 Numerical and Computational Mathematics	01 Mathematical Sciences	0103 Numerical and Computational Mathematics	Physical Sciences	Green, Submitted	Closed	Swedish Foundation for Strategic Research; Engineering and Physical Sciences Research Council; Swedish Research Council	EPSRC	B10 Mathematical Sciences	no	12450	no	no	accepted	cc_by_nc_nd	cc_by_nc_nd	no compliant license	not cc_by	No embargo requirement	0	0	zero embargo	FALSE	authors	710	published	cc_by	cc_by	cc_by	authors	1	Hybrid	76	2	29	7	c: hybrid gold	compliant	c: hybrid gold	compliant	not compliant	not compliant	not compliant
Enhancing easy-plane anisotropy in bespoke Ni(II) quantum magnets	10.1016/j.poly.2020.114379	2020-04	2020	polyhedron	Elsevier	0277-5387	1873-3719	Article	United Kingdom; United States; United States; Switzerland; United Kingdom; United States; United Kingdom; Switzerland; Denmark; United States; United States	03 Chemical Sciences; 0302 Inorganic Chemistry	03 Chemical Sciences	0302 Inorganic Chemistry	Physical Sciences	Hybrid	Hybrid gold	Los Alamos National Laboratory; United States Department of Energy; Science and Technology Facilities Council; Argonne National Laboratory; Directorate for Mathematical & Physical Sciences; Office of Basic Energy Sciences; Engineering and Physical Sciences Research Council; European Research Council	EPSRC, STFC	B12 Engineering	no	4678	no	no	accepted	cc_by_nc_nd	cc_by_nc_nd	no compliant license	not cc_by	No embargo requirement	0	0	zero embargo	FALSE	authors	710	published	cc_by	cc_by	cc_by	authors	1	Hybrid	37	2	29	7	c: hybrid gold	compliant	c: hybrid gold	compliant	not compliant	not compliant	not compliant
Antibody response to common human viruses is shaped by genetic factors	10.1016/j.jaci.2018.11.039	2018-12-20	2018	journal of allergy and clinical immunology	Elsevier	0091-6749	1097-6825	Article	Australia; Australia; United Kingdom; France; Australia; Australia	11 Medical and Health Sciences; 1107 Immunology	11 Medical and Health Sciences	1107 Immunology	Health Sciences	Bronze	Closed	Medical Research Council; National Health and Medical Research Council	MRC	NA	no	3193	no	no	accepted	cc_by_nc_nd	cc_by_nc_nd	no compliant license	not cc_by	No embargo requirement	0	0	zero embargo	FALSE	authors	710	published	cc_by	cc_by	cc_by	authors	1	Hybrid	166	2	29	7	c: hybrid gold	compliant	c: hybrid gold	compliant	not compliant	not compliant	not compliant
The relationship between maternal 25-hydroxyvitamin D status in pregnancy and childhood adiposity and allergy: an observational study	10.1038/ijo.2017.182	2017-08-04	2017	international journal of obesity	Springer	0307-0565	1476-5497	Article	Ireland; United Kingdom; United Kingdom; New Zealand; United Kingdom	11 Medical and Health Sciences; 1117 Public Health and Health Services; 1114 Paediatrics and Reproductive Medicine	11 Medical and Health Sciences	1117 Public Health and Health Services; 1114 Paediatrics and Reproductive Medicine	Health Sciences	Green, Accepted	Green	Ministry of Business, Innovation and Employment; Health Research Council of New Zealand; National Institute for Health Research; Medical Research Council; Science Foundation Ireland; Cure Kids; European Commission	MRC	A01 Clinical Medicine	yes	24209	no	no	accepted	no license requirement	no license requirement	no compliant license	not cc_by	months	6	6	has embargo	TRUE	authors	1130	published	cc_by	cc_by	cc_by	authors	1	Hybrid	102	2	30	8	c: hybrid gold	compliant	c: hybrid gold	compliant	c: hybrid gold with a TA	compliant	not compliant
‘Decarbonising’ UK industry: towards a cleaner economy	10.1680/jener.18.00007	2018-05-04	2018	proceedings of the institution of civil engineers - energy	ICE publishing	1751-4223	1751-4231	Article	United Kingdom	09 Engineering; 0905 Civil Engineering	09 Engineering	0905 Civil Engineering	Physical Sciences	Hybrid	Hybrid gold	Engineering and Physical Sciences Research Council	EPSRC	C17 Business and Management Studies	no	12133	no	no	accepted	cc_by	cc_by	cc_by	cc_by	No embargo requirement	0	0	zero embargo	TRUE	authors	2	published	cc_by	cc_by	cc_by	authors	1	Hybrid	4	2	5	1	c: hybrid gold	compliant	c: hybrid gold	compliant	c: confirmed green oa	compliant	c: confirmed green oa
ALMA reveals a pseudo-disc in a proto-brown dwarf	10.1093/mnras/stz1032	2019-04-12	2019	monthly notices of the royal astronomical society	Oxford University Press (OUP)	0035-8711	1365-2966	Article	United Kingdom; Japan; Germany	02 Physical Sciences; 0201 Astronomical and Space Sciences	02 Physical Sciences	0201 Astronomical and Space Sciences	Physical Sciences	Green, Accepted	Green	Science and Technology Facilities Council; German Research Foundation	STFC	B09 Physics	yes	24618	no	no	published	no license requirement	no license requirement	no compliant license	not cc_by	No embargo requirement	0	0	zero embargo	TRUE	authors	833	published	cc_by	cc_by	cc_by	authors	1	Hybrid	2779	2	29	7	c: hybrid gold	compliant	c: hybrid gold	compliant	c: hybrid gold with a TA	compliant	nc: unconfirmed green oa
The Future of Polar Organometallic Chemistry Written in Bio‐Based Solvents and Water	10.1002/chem.201802873	2018-09-20	2018	chemistry - a european journal	Wiley	0947-6539	1521-3765	Article	Spain; United Kingdom; Italy	03 Chemical Sciences; 0305 Organic Chemistry; 0399 Other Chemical Sciences	03 Chemical Sciences	0305 Organic Chemistry; 0399 Other Chemical Sciences	Physical Sciences	Closed	Closed	Fundación BBVA; Engineering and Physical Sciences Research Council; Ministry of Economy, Industry and Competitiveness	EPSRC	B08 Chemistry	yes	1518	no	no	accepted	no license requirement	no license requirement	no compliant license	not cc_by	months	12	12	has embargo	TRUE	authors	1138	published	cc_by	cc_by	cc_by	authors	1	Hybrid	357	2	31	8	c: hybrid gold	compliant	c: hybrid gold	compliant	c: hybrid gold with a TA	compliant	not compliant
Evolution of Photochemical Reaction Centres: More Twists?	10.1016/j.tplants.2019.06.016	2019-07-24	2019	trends in plant science	Elsevier	1360-1385	1878-4372	Article	United Kingdom	06 Biological Sciences; 07 Agricultural and Veterinary Sciences; 0703 Crop and Pasture Production; 0602 Ecology; 0607 Plant Biology	06 Biological Sciences; 07 Agricultural and Veterinary Sciences	0703 Crop and Pasture Production; 0602 Ecology; 0607 Plant Biology	Life Sciences	Green, Submitted	Closed	Biotechnology and Biological Sciences Research Council; Leverhulme Trust	BBSRC	B08 Chemistry	no	14201	no	no	accepted	cc_by_nc_nd	cc_by_nc_nd	no compliant license	not cc_by	No embargo requirement	0	0	zero embargo	FALSE	authors	710	published	cc_by	cc_by	cc_by	authors	1	Hybrid	31	2	29	7	c: hybrid gold	compliant	c: hybrid gold	compliant	not compliant	not compliant	not compliant
Human stem cell–derived astrocytes replicate human prions in a PRNP genotype–dependent mannerHuman prion propagation in human cell culture	10.1084/jem.20161547	2017-11-15	2017	journal of experimental medicine	Rockefeller University Press	0022-1007	1540-9538	Article	United Kingdom; United States; United States; India	11 Medical and Health Sciences; 1109 Neurosciences; 1108 Medical Microbiology	11 Medical and Health Sciences	1109 Neurosciences; 1108 Medical Microbiology	Health Sciences	Hybrid	Hybrid gold	Simons Foundation; Wellcome Trust; Medical Research Council; National Centre for the Replacement Refinement and Reduction of Animals in Research; Department of Health and Social Care; Biotechnology and Biological Sciences Research Council; National Eye Institute; National Institute of Mental Health	BBSRC, MRC, NC3Rs	A04 Psychology, Psychiatry and Neuroscience	yes	25762	no	no	published	no license requirement	no license requirement	no compliant license	not cc_by	No embargo requirement	0	0	zero embargo	TRUE	authors	833	published	cc_by	cc_by	cc_by	authors	1	Hybrid	74	2	29	7	c: hybrid gold	compliant	c: hybrid gold	compliant	c: hybrid gold with a TA	compliant	nc: unconfirmed green oa
Characterisation and laser performance of a Yb:LuAG double-clad planar waveguide grown by pulsed laser deposition	10.1007/s00340-019-7314-9	2019-10-12	2019	applied physics b	Springer	0946-2171	1432-0649	Article	United Kingdom	09 Engineering; 0912 Materials Engineering	09 Engineering	0912 Materials Engineering	Physical Sciences	Hybrid	Hybrid gold	Engineering and Physical Sciences Research Council	EPSRC	B12 Engineering	yes	28050	no	no	accepted	no license requirement	no license requirement	no compliant license	not cc_by	No embargo requirement	0	0	zero embargo	FALSE	authors	838	published	cc_by	cc_by	cc_by	authors	1	Hybrid	17	2	29	7	c: hybrid gold	compliant	c: hybrid gold	compliant	c: hybrid gold with a TA	compliant	not compliant
Clarification of Governance Relevant to the Sustainable Management of Marine Species and Habitats within the United Kingdom: An Overview of Regional, National and International Authorities, Advisories, Legislation and Designation Types with Summary Schematic Tool	10.1007/s00267-018-1064-z	2018-06-17	2018	environmental management	Springer	0933-0437	1432-1009	Article	United Kingdom; United Kingdom	05 Environmental Sciences; 06 Biological Sciences; 0502 Environmental Science and Management; 0602 Ecology	05 Environmental Sciences; 06 Biological Sciences	0502 Environmental Science and Management; 0602 Ecology	Physical Sciences; Life Sciences	Hybrid	Hybrid gold	Natural Environment Research Council	NERC	B07 Earth Systems and Environmental Sciences	yes	15704	no	no	accepted	no license requirement	no license requirement	no compliant license	not cc_by	No embargo requirement	0	0	zero embargo	FALSE	authors	838	published	cc_by	cc_by	cc_by	authors	1	Hybrid	8	2	29	7	c: hybrid gold	compliant	c: hybrid gold	compliant	c: hybrid gold with a TA	compliant	not compliant
Economic reasons for not wanting a second child: Changes before and after the onset of the economic recession in Italy	10.4054/demres.2018.38.30	2018-03-02	2018	demographic research	Max Planck Institute for Demographic Research	1435-9871	2363-7064	Article	NA	16 Studies in Human Society; 1603 Demography	16 Studies in Human Society	1603 Demography	Social Sciences	Pure Gold	Pure Gold	Economic and Social Research Council	ESRC	C20 Social Work and Social Policy	no	NA	NA	NA	NA	NA	NA	NA	NA	NA	NA	NA	NA	NA	NA	NA	NA	NA	NA	NA	NA	NA	Pure Gold	25	4	99	99	c: pure gold	compliant	c: pure gold	compliant	c: pure gold	compliant	c: pure gold
Room-Temperature Mid-Infrared Emission from Faceted InAsSb Multi Quantum Wells Embedded in InAs Nanowires.	10.1021/acs.nanolett.7b03977	2017-11-30	2017	nano letters	American Chemical Society (ACS)	1530-6984	1530-6992	Article	United Kingdom; United Kingdom; Saudi Arabia	09 Engineering; 02 Physical Sciences; 0912 Materials Engineering; 0205 Optical Physics	09 Engineering; 02 Physical Sciences	0912 Materials Engineering; 0205 Optical Physics	Physical Sciences	Hybrid	Hybrid gold	Engineering and Physical Sciences Research Council; Royal Academy of Engineering; Defence Science and Technology Laboratory	EPSRC	B12 Engineering; B09 Physics	no	7792	no	no	accepted	no license requirement	no license requirement	no compliant license	not cc_by	months	12	12	has embargo	TRUE	authors	1138	published	cc_by	cc_by	cc_by	publishers	2	Hybrid	211	2	31	8	c: hybrid gold	compliant	c: hybrid gold	compliant	not compliant	not compliant	not compliant
Association between fat mass through adolescence and arterial stiffness: a population-based study from The Avon Longitudinal Study of Parents and Children	10.1016/s2352-4642(19)30105-1	2019-05-21	2019	the lancet child & adolescent health	Elsevier	2352-4642	2352-4650	Article	Greece; Netherlands; United Kingdom; United Kingdom; United Kingdom; United Kingdom; Sweden	11 Medical and Health Sciences; 1103 Clinical Sciences; 1117 Public Health and Health Services	11 Medical and Health Sciences	1103 Clinical Sciences; 1117 Public Health and Health Services	Health Sciences	Hybrid	Hybrid gold	Wellcome Trust; Cancer Research UK; National Institute for Health Research; Medical Research Council; British Heart Foundation	MRC	A02 Public Health, Health Services and Primary Care	no	NA	NA	NA	NA	NA	NA	NA	NA	NA	NA	NA	NA	NA	NA	NA	NA	NA	NA	NA	NA	NA	Hybrid	50	5	99	99	c: hybrid gold	compliant	c: hybrid gold	compliant	not compliant	not compliant	not compliant
In search of oculomotor capture during film viewing: Implications for the balance of top-down and bottom-up control in the saccadic system	10.1016/j.visres.2017.01.007	2017-04-06	2017	vision research	Elsevier	0042-6989	1878-5646	Article	United Kingdom; United Kingdom	17 Psychology and Cognitive Sciences; 1701 Psychology	17 Psychology and Cognitive Sciences	1701 Psychology	Social Sciences	Hybrid	Hybrid gold	Engineering and Physical Sciences Research Council	EPSRC	A04 Psychology, Psychiatry and Neuroscience	no	4712	no	no	accepted	cc_by_nc_nd	cc_by_nc_nd	no compliant license	not cc_by	No embargo requirement	0	0	zero embargo	FALSE	authors	710	published	cc_by	cc_by	cc_by	authors	1	Hybrid	19	2	29	7	c: hybrid gold	compliant	c: hybrid gold	compliant	not compliant	not compliant	not compliant
